{"cameraMode":{"drawMode":0,"name":"Shaded","section":"Shading Mode"},"sceneLighting":false,"audioPlay":false,"sceneViewState":{"showFog":true,"showMaterialUpdate":false,"showSkybox":true,"showFlares":true,"showImageEffects":true,"showParticleSystems":true},"in2DMode":false,"pivot":{"x":-6.357625961303711,"y":4.319729804992676,"z":-9.5380859375},"rotation":{"x":0.021505877375602723,"y":-0.5229470729827881,"z":-0.013200024142861367,"w":-0.851991593837738},"size":2.286306858062744,"orthographic":false}