{"cameraMode":{"drawMode":0,"name":"Shaded","section":"Shading Mode"},"sceneLighting":false,"audioPlay":false,"sceneViewState":{"showFog":true,"showMaterialUpdate":false,"showSkybox":true,"showFlares":true,"showImageEffects":true,"showParticleSystems":true},"in2DMode":false,"pivot":{"x":10.758840560913086,"y":0.3755296468734741,"z":1.988111972808838},"rotation":{"x":0.4909224808216095,"y":-0.3670702278614044,"z":0.23932567238807679,"w":0.7529792785644531},"size":3.2333273887634279,"orthographic":false}