{"cameraMode":{"drawMode":0,"name":"Shaded","section":"Shading Mode"},"sceneLighting":false,"audioPlay":false,"sceneViewState":{"showFog":true,"showMaterialUpdate":false,"showSkybox":true,"showFlares":true,"showImageEffects":true,"showParticleSystems":true},"in2DMode":false,"pivot":{"x":5.458955764770508,"y":8.096996307373047,"z":3.1017985343933107},"rotation":{"x":-0.09448952227830887,"y":-0.7514174580574036,"z":0.11031162738800049,"w":-0.6436418890953064},"size":3.2333266735076906,"orthographic":false}